488b2be2388a417fa581f7ba2d521fb6,Dung,29/12/1991,Male,123123123,12345,dung@gmail.com,vip,da nang,
488b2be2388a417fa581f7ba2d521fb6,An,29/12/1995,Male,123123123,12345,dung@gmail.com,vip,da nang,
488b2be2388a417fa581f7ba2d521fb6,Bao,29/12/1998,Male,123123123,12345,dung@gmail.com,vip,da nang,
488b2be2388a417fa581f7ba2d521fb6,An,29/12/1990,Male,123123123,12345,dung@gmail.com,vip,da nang,
488b2be2388a41dsdsfsdfsfada21fb6,cong an,29/12/1994,Male,123123123,12345,dung@gmail.com,vip,da nang,
488b2besdafaawff7ba2d521fb6adadd,hai bui,29/12/1994,Male,123123123,12345,dung@gmail.com,vip,da nang,
488b2be2388zxczvvza2d521fb6adads,an,29/12/1994,Male,123123123,12345,dung@gmail.com,vip,da nang,
488b2be2388a417fadczccz1faaaaab6,hong,29/12/1994,Male,123123123,12345,dung@gmail.com,vip,da nang,
488b2bvccvva581f7ba2d52zcczc1fb6,hanh,29/12/1994,Male,123123123,12345,dung@gmail.com,vip,da nang,
488b2be2388a417faaaadsadad521fb6,huong,29/12/1994,Male,123123123,12345,dung@gmail.com,vip,da nang,
488b2be2388a417fa58adadasd521fb6,bao,29/12/1994,Male,123123123,12345,dung@gmail.com,vip,da nang,
488b2be2388a417ass81f7basdsd1fb6,an,29/12/1994,Male,123123123,12345,dung@gmail.com,vip,da nang,
488b2be2388a41xsd581f7ba2d521fb6,luong,29/12/1994,Male,123123123,12345,dung@gmail.com,vip,da nang,
488b2be2388a417fa581zcca2d521fb6,hanh,29/12/1994,Male,123123123,12345,dung@gmail.com,vip,da nang,
488b2be2388a417fa5zxf7ba2d521fb6,Vuong,29/12/1994,Male,123123123,12345,dung@gmail.com,vip,da nang,
